<ImportExportXml version="9.2.24022.196" SolutionPackageVersion="9.2" languagecode="1033" generatedBy="CrmLive" xmlns:xsi="http://www.w3.org/2001/XMLSchema-instance">
  <SolutionManifest>
    <UniqueName>CSVtoSharepoint</UniqueName>
    <LocalizedNames>
      <LocalizedName description="AccountingExceptions" languagecode="1033" />
    </LocalizedNames>
    <Descriptions>
      <Description description="Upgrade of CSVtoSharepoint" languagecode="1033" />
    </Descriptions>
    <Version>1.1.0.2</Version>
    <Managed>1</Managed>
    <Publisher>
      <UniqueName>DefaultPublisherorg883b6a3e</UniqueName>
      <LocalizedNames>
        <LocalizedName description="Default Publisher for org883b6a3e" languagecode="1033" />
      </LocalizedNames>
      <Descriptions>
        <Description description="Default publisher for this organization" languagecode="1033" />
      </Descriptions>
      <EMailAddress xsi:nil="true"></EMailAddress>
      <SupportingWebsiteUrl xsi:nil="true"></SupportingWebsiteUrl>
      <CustomizationPrefix>new</CustomizationPrefix>
      <CustomizationOptionValuePrefix>10000</CustomizationOptionValuePrefix>
      <Addresses>
        <Address>
          <AddressNumber>1</AddressNumber>
          <AddressTypeCode xsi:nil="true"></AddressTypeCode>
          <City xsi:nil="true"></City>
          <County xsi:nil="true"></County>
          <Country xsi:nil="true"></Country>
          <Fax xsi:nil="true"></Fax>
          <FreightTermsCode xsi:nil="true"></FreightTermsCode>
          <ImportSequenceNumber xsi:nil="true"></ImportSequenceNumber>
          <Latitude xsi:nil="true"></Latitude>
          <Line1 xsi:nil="true"></Line1>
          <Line2 xsi:nil="true"></Line2>
          <Line3 xsi:nil="true"></Line3>
          <Longitude xsi:nil="true"></Longitude>
          <Name xsi:nil="true"></Name>
          <PostalCode xsi:nil="true"></PostalCode>
          <PostOfficeBox xsi:nil="true"></PostOfficeBox>
          <PrimaryContactName xsi:nil="true"></PrimaryContactName>
          <ShippingMethodCode xsi:nil="true"></ShippingMethodCode>
          <StateOrProvince xsi:nil="true"></StateOrProvince>
          <Telephone1 xsi:nil="true"></Telephone1>
          <Telephone2 xsi:nil="true"></Telephone2>
          <Telephone3 xsi:nil="true"></Telephone3>
          <TimeZoneRuleVersionNumber xsi:nil="true"></TimeZoneRuleVersionNumber>
          <UPSZone xsi:nil="true"></UPSZone>
          <UTCOffset xsi:nil="true"></UTCOffset>
          <UTCConversionTimeZoneCode xsi:nil="true"></UTCConversionTimeZoneCode>
        </Address>
        <Address>
          <AddressNumber>2</AddressNumber>
          <AddressTypeCode xsi:nil="true"></AddressTypeCode>
          <City xsi:nil="true"></City>
          <County xsi:nil="true"></County>
          <Country xsi:nil="true"></Country>
          <Fax xsi:nil="true"></Fax>
          <FreightTermsCode xsi:nil="true"></FreightTermsCode>
          <ImportSequenceNumber xsi:nil="true"></ImportSequenceNumber>
          <Latitude xsi:nil="true"></Latitude>
          <Line1 xsi:nil="true"></Line1>
          <Line2 xsi:nil="true"></Line2>
          <Line3 xsi:nil="true"></Line3>
          <Longitude xsi:nil="true"></Longitude>
          <Name xsi:nil="true"></Name>
          <PostalCode xsi:nil="true"></PostalCode>
          <PostOfficeBox xsi:nil="true"></PostOfficeBox>
          <PrimaryContactName xsi:nil="true"></PrimaryContactName>
          <ShippingMethodCode xsi:nil="true"></ShippingMethodCode>
          <StateOrProvince xsi:nil="true"></StateOrProvince>
          <Telephone1 xsi:nil="true"></Telephone1>
          <Telephone2 xsi:nil="true"></Telephone2>
          <Telephone3 xsi:nil="true"></Telephone3>
          <TimeZoneRuleVersionNumber xsi:nil="true"></TimeZoneRuleVersionNumber>
          <UPSZone xsi:nil="true"></UPSZone>
          <UTCOffset xsi:nil="true"></UTCOffset>
          <UTCConversionTimeZoneCode xsi:nil="true"></UTCConversionTimeZoneCode>
        </Address>
      </Addresses>
    </Publisher>
    <RootComponents>
      <RootComponent type="29" id="{10e1acc6-93dd-ee11-904c-6045bd08ecb2}" behavior="0" />
      <RootComponent type="29" id="{3d9984ba-2cdb-ee11-904c-6045bd08ecb2}" behavior="0" />
      <RootComponent type="29" id="{5161e4b2-a2dc-ee11-904c-6045bd08ecb2}" behavior="0" />
      <RootComponent type="29" id="{53338dd2-25e2-ee11-904c-6045bd08ecb2}" behavior="0" />
      <RootComponent type="29" id="{87b373e9-8bdd-ee11-904c-6045bd08ecb2}" behavior="0" />
      <RootComponent type="29" id="{9abd53a9-8edd-ee11-904c-6045bd08ecb2}" behavior="0" />
      <RootComponent type="29" id="{9b56778f-7add-ee11-904c-6045bd08ecb2}" behavior="0" />
      <RootComponent type="29" id="{cd27ae6c-72da-ee11-904c-6045bd08ecb2}" behavior="0" />
      <RootComponent type="29" id="{d4d7c390-14db-ee11-904c-6045bd08ecb2}" behavior="0" />
      <RootComponent type="29" id="{ee544980-29e2-ee11-904c-6045bd08ecb2}" behavior="0" />
      <RootComponent type="300" schemaName="dju_exceptions_a2a73" behavior="0" />
    </RootComponents>
    <MissingDependencies>
      <MissingDependency>
        <Required type="connectionreference" displayName="new_sharedfilesystem_9e0a5" solution="Active" id.connectionreferencelogicalname="new_sharedfilesystem_9e0a5" />
        <Dependent type="29" displayName="AAITable" id="{d4d7c390-14db-ee11-904c-6045bd08ecb2}" />
      </MissingDependency>
      <MissingDependency>
        <Required type="connectionreference" displayName="new_sharedsharepointonline_3ca5d" solution="Active" id.connectionreferencelogicalname="new_sharedsharepointonline_3ca5d" />
        <Dependent type="29" displayName="Reminder@3" id="{53338dd2-25e2-ee11-904c-6045bd08ecb2}" />
      </MissingDependency>
      <MissingDependency>
        <Required type="connectionreference" displayName="new_sharedsharepointonline_3ca5d" solution="Active" id.connectionreferencelogicalname="new_sharedsharepointonline_3ca5d" />
        <Dependent type="29" displayName="AAITable" id="{d4d7c390-14db-ee11-904c-6045bd08ecb2}" />
      </MissingDependency>
    </MissingDependencies>
  </SolutionManifest>
</ImportExportXml>